[{"model": "admin.logentry", "pk": 1, "fields": {"action_time": "2025-03-27T07:21:10.249Z", "user": 1, "content_type": 6, "object_id": "1", "object_repr": "niraj", "action_flag": 2, "change_message": "[{\"changed\": {\"fields\": [\"Role\", \"Phone\"]}}]"}}, {"model": "admin.logentry", "pk": 2, "fields": {"action_time": "2025-03-27T07:38:13.508Z", "user": 1, "content_type": 16, "object_id": "11", "object_repr": "229ed309f2f7b8f31dd8e5cb2784e0d84ae0ca08", "action_flag": 1, "change_message": "[{\"added\": {}}]"}}, {"model": "admin.logentry", "pk": 3, "fields": {"action_time": "2025-03-27T07:38:19.397Z", "user": 1, "content_type": 16, "object_id": "10", "object_repr": "2e90df58458f08c030736914c6ff541096c3a3db", "action_flag": 1, "change_message": "[{\"added\": {}}]"}}, {"model": "admin.logentry", "pk": 4, "fields": {"action_time": "2025-03-27T07:38:23.767Z", "user": 1, "content_type": 16, "object_id": "6", "object_repr": "9a4829588780bf62c8c020a01ef3cde4120c9bec", "action_flag": 1, "change_message": "[{\"added\": {}}]"}}, {"model": "admin.logentry", "pk": 5, "fields": {"action_time": "2025-03-27T07:38:28.062Z", "user": 1, "content_type": 16, "object_id": "4", "object_repr": "78cd24fdf45132b13a78c2165278d9ba69e04071", "action_flag": 1, "change_message": "[{\"added\": {}}]"}}, {"model": "admin.logentry", "pk": 6, "fields": {"action_time": "2025-03-27T07:38:32.249Z", "user": 1, "content_type": 16, "object_id": "3", "object_repr": "0a54d7a90dfd47df55c9893479c245af83f4ad19", "action_flag": 1, "change_message": "[{\"added\": {}}]"}}, {"model": "admin.logentry", "pk": 7, "fields": {"action_time": "2025-03-27T07:38:36.167Z", "user": 1, "content_type": 16, "object_id": "5", "object_repr": "77e0c1793f3bca42b0ccbc0cf11be70a56d30932", "action_flag": 1, "change_message": "[{\"added\": {}}]"}}, {"model": "admin.logentry", "pk": 8, "fields": {"action_time": "2025-03-27T07:38:40.068Z", "user": 1, "content_type": 16, "object_id": "8", "object_repr": "2391fcebdcd0fe6ff096e26019105951b564d038", "action_flag": 1, "change_message": "[{\"added\": {}}]"}}, {"model": "admin.logentry", "pk": 9, "fields": {"action_time": "2025-03-27T07:38:43.852Z", "user": 1, "content_type": 16, "object_id": "7", "object_repr": "4badeb5d7253a86291c06940215b9eadacfb03d6", "action_flag": 1, "change_message": "[{\"added\": {}}]"}}, {"model": "admin.logentry", "pk": 10, "fields": {"action_time": "2025-03-27T07:38:47.615Z", "user": 1, "content_type": 16, "object_id": "1", "object_repr": "6ec15187bce2e203d673452be220651dc009adf0", "action_flag": 1, "change_message": "[{\"added\": {}}]"}}, {"model": "admin.logentry", "pk": 11, "fields": {"action_time": "2025-03-27T07:38:51.147Z", "user": 1, "content_type": 16, "object_id": "9", "object_repr": "7ede95f4a1b6c097cd757dfab7af9faa69eb9c93", "action_flag": 1, "change_message": "[{\"added\": {}}]"}}, {"model": "admin.logentry", "pk": 12, "fields": {"action_time": "2025-03-27T07:45:27.957Z", "user": 1, "content_type": 6, "object_id": "11", "object_repr": "george", "action_flag": 2, "change_message": "[]"}}, {"model": "auth.permission", "pk": 1, "fields": {"name": "Can add log entry", "content_type": 1, "codename": "add_logentry"}}, {"model": "auth.permission", "pk": 2, "fields": {"name": "Can change log entry", "content_type": 1, "codename": "change_logentry"}}, {"model": "auth.permission", "pk": 3, "fields": {"name": "Can delete log entry", "content_type": 1, "codename": "delete_logentry"}}, {"model": "auth.permission", "pk": 4, "fields": {"name": "Can view log entry", "content_type": 1, "codename": "view_logentry"}}, {"model": "auth.permission", "pk": 5, "fields": {"name": "Can add permission", "content_type": 2, "codename": "add_permission"}}, {"model": "auth.permission", "pk": 6, "fields": {"name": "Can change permission", "content_type": 2, "codename": "change_permission"}}, {"model": "auth.permission", "pk": 7, "fields": {"name": "Can delete permission", "content_type": 2, "codename": "delete_permission"}}, {"model": "auth.permission", "pk": 8, "fields": {"name": "Can view permission", "content_type": 2, "codename": "view_permission"}}, {"model": "auth.permission", "pk": 9, "fields": {"name": "Can add group", "content_type": 3, "codename": "add_group"}}, {"model": "auth.permission", "pk": 10, "fields": {"name": "Can change group", "content_type": 3, "codename": "change_group"}}, {"model": "auth.permission", "pk": 11, "fields": {"name": "Can delete group", "content_type": 3, "codename": "delete_group"}}, {"model": "auth.permission", "pk": 12, "fields": {"name": "Can view group", "content_type": 3, "codename": "view_group"}}, {"model": "auth.permission", "pk": 13, "fields": {"name": "Can add content type", "content_type": 4, "codename": "add_contenttype"}}, {"model": "auth.permission", "pk": 14, "fields": {"name": "Can change content type", "content_type": 4, "codename": "change_contenttype"}}, {"model": "auth.permission", "pk": 15, "fields": {"name": "Can delete content type", "content_type": 4, "codename": "delete_contenttype"}}, {"model": "auth.permission", "pk": 16, "fields": {"name": "Can view content type", "content_type": 4, "codename": "view_contenttype"}}, {"model": "auth.permission", "pk": 17, "fields": {"name": "Can add session", "content_type": 5, "codename": "add_session"}}, {"model": "auth.permission", "pk": 18, "fields": {"name": "Can change session", "content_type": 5, "codename": "change_session"}}, {"model": "auth.permission", "pk": 19, "fields": {"name": "Can delete session", "content_type": 5, "codename": "delete_session"}}, {"model": "auth.permission", "pk": 20, "fields": {"name": "Can view session", "content_type": 5, "codename": "view_session"}}, {"model": "auth.permission", "pk": 21, "fields": {"name": "Can add user", "content_type": 6, "codename": "add_user"}}, {"model": "auth.permission", "pk": 22, "fields": {"name": "Can change user", "content_type": 6, "codename": "change_user"}}, {"model": "auth.permission", "pk": 23, "fields": {"name": "Can delete user", "content_type": 6, "codename": "delete_user"}}, {"model": "auth.permission", "pk": 24, "fields": {"name": "Can view user", "content_type": 6, "codename": "view_user"}}, {"model": "auth.permission", "pk": 25, "fields": {"name": "Can add category", "content_type": 7, "codename": "add_category"}}, {"model": "auth.permission", "pk": 26, "fields": {"name": "Can change category", "content_type": 7, "codename": "change_category"}}, {"model": "auth.permission", "pk": 27, "fields": {"name": "Can delete category", "content_type": 7, "codename": "delete_category"}}, {"model": "auth.permission", "pk": 28, "fields": {"name": "Can view category", "content_type": 7, "codename": "view_category"}}, {"model": "auth.permission", "pk": 29, "fields": {"name": "Can add order", "content_type": 8, "codename": "add_order"}}, {"model": "auth.permission", "pk": 30, "fields": {"name": "Can change order", "content_type": 8, "codename": "change_order"}}, {"model": "auth.permission", "pk": 31, "fields": {"name": "Can delete order", "content_type": 8, "codename": "delete_order"}}, {"model": "auth.permission", "pk": 32, "fields": {"name": "Can view order", "content_type": 8, "codename": "view_order"}}, {"model": "auth.permission", "pk": 33, "fields": {"name": "Can add order delivery", "content_type": 9, "codename": "add_orderdelivery"}}, {"model": "auth.permission", "pk": 34, "fields": {"name": "Can change order delivery", "content_type": 9, "codename": "change_orderdelivery"}}, {"model": "auth.permission", "pk": 35, "fields": {"name": "Can delete order delivery", "content_type": 9, "codename": "delete_orderdelivery"}}, {"model": "auth.permission", "pk": 36, "fields": {"name": "Can view order delivery", "content_type": 9, "codename": "view_orderdelivery"}}, {"model": "auth.permission", "pk": 37, "fields": {"name": "Can add order item", "content_type": 10, "codename": "add_orderitem"}}, {"model": "auth.permission", "pk": 38, "fields": {"name": "Can change order item", "content_type": 10, "codename": "change_orderitem"}}, {"model": "auth.permission", "pk": 39, "fields": {"name": "Can delete order item", "content_type": 10, "codename": "delete_orderitem"}}, {"model": "auth.permission", "pk": 40, "fields": {"name": "Can view order item", "content_type": 10, "codename": "view_orderitem"}}, {"model": "auth.permission", "pk": 41, "fields": {"name": "Can add product", "content_type": 11, "codename": "add_product"}}, {"model": "auth.permission", "pk": 42, "fields": {"name": "Can change product", "content_type": 11, "codename": "change_product"}}, {"model": "auth.permission", "pk": 43, "fields": {"name": "Can delete product", "content_type": 11, "codename": "delete_product"}}, {"model": "auth.permission", "pk": 44, "fields": {"name": "Can view product", "content_type": 11, "codename": "view_product"}}, {"model": "auth.permission", "pk": 45, "fields": {"name": "Can add purchase", "content_type": 12, "codename": "add_purchase"}}, {"model": "auth.permission", "pk": 46, "fields": {"name": "Can change purchase", "content_type": 12, "codename": "change_purchase"}}, {"model": "auth.permission", "pk": 47, "fields": {"name": "Can delete purchase", "content_type": 12, "codename": "delete_purchase"}}, {"model": "auth.permission", "pk": 48, "fields": {"name": "Can view purchase", "content_type": 12, "codename": "view_purchase"}}, {"model": "auth.permission", "pk": 49, "fields": {"name": "Can add purchase_ item", "content_type": 13, "codename": "add_purchase_item"}}, {"model": "auth.permission", "pk": 50, "fields": {"name": "Can change purchase_ item", "content_type": 13, "codename": "change_purchase_item"}}, {"model": "auth.permission", "pk": 51, "fields": {"name": "Can delete purchase_ item", "content_type": 13, "codename": "delete_purchase_item"}}, {"model": "auth.permission", "pk": 52, "fields": {"name": "Can view purchase_ item", "content_type": 13, "codename": "view_purchase_item"}}, {"model": "auth.permission", "pk": 53, "fields": {"name": "Can add purchase delivery", "content_type": 14, "codename": "add_purchasedelivery"}}, {"model": "auth.permission", "pk": 54, "fields": {"name": "Can change purchase delivery", "content_type": 14, "codename": "change_purchasedelivery"}}, {"model": "auth.permission", "pk": 55, "fields": {"name": "Can delete purchase delivery", "content_type": 14, "codename": "delete_purchasedelivery"}}, {"model": "auth.permission", "pk": 56, "fields": {"name": "Can view purchase delivery", "content_type": 14, "codename": "view_purchasedelivery"}}, {"model": "auth.permission", "pk": 57, "fields": {"name": "Can add Token", "content_type": 15, "codename": "add_token"}}, {"model": "auth.permission", "pk": 58, "fields": {"name": "Can change Token", "content_type": 15, "codename": "change_token"}}, {"model": "auth.permission", "pk": 59, "fields": {"name": "Can delete Token", "content_type": 15, "codename": "delete_token"}}, {"model": "auth.permission", "pk": 60, "fields": {"name": "Can view Token", "content_type": 15, "codename": "view_token"}}, {"model": "auth.permission", "pk": 61, "fields": {"name": "Can add Token", "content_type": 16, "codename": "add_tokenproxy"}}, {"model": "auth.permission", "pk": 62, "fields": {"name": "Can change Token", "content_type": 16, "codename": "change_tokenproxy"}}, {"model": "auth.permission", "pk": 63, "fields": {"name": "Can delete Token", "content_type": 16, "codename": "delete_tokenproxy"}}, {"model": "auth.permission", "pk": 64, "fields": {"name": "Can view Token", "content_type": 16, "codename": "view_tokenproxy"}}, {"model": "contenttypes.contenttype", "pk": 1, "fields": {"app_label": "admin", "model": "logentry"}}, {"model": "contenttypes.contenttype", "pk": 2, "fields": {"app_label": "auth", "model": "permission"}}, {"model": "contenttypes.contenttype", "pk": 3, "fields": {"app_label": "auth", "model": "group"}}, {"model": "contenttypes.contenttype", "pk": 4, "fields": {"app_label": "contenttypes", "model": "contenttype"}}, {"model": "contenttypes.contenttype", "pk": 5, "fields": {"app_label": "sessions", "model": "session"}}, {"model": "contenttypes.contenttype", "pk": 6, "fields": {"app_label": "core", "model": "user"}}, {"model": "contenttypes.contenttype", "pk": 7, "fields": {"app_label": "Easy_buy", "model": "category"}}, {"model": "contenttypes.contenttype", "pk": 8, "fields": {"app_label": "Easy_buy", "model": "order"}}, {"model": "contenttypes.contenttype", "pk": 9, "fields": {"app_label": "Easy_buy", "model": "orderdelivery"}}, {"model": "contenttypes.contenttype", "pk": 10, "fields": {"app_label": "Easy_buy", "model": "orderitem"}}, {"model": "contenttypes.contenttype", "pk": 11, "fields": {"app_label": "Easy_buy", "model": "product"}}, {"model": "contenttypes.contenttype", "pk": 12, "fields": {"app_label": "Easy_buy", "model": "purchase"}}, {"model": "contenttypes.contenttype", "pk": 13, "fields": {"app_label": "Easy_buy", "model": "purchase_item"}}, {"model": "contenttypes.contenttype", "pk": 14, "fields": {"app_label": "Easy_buy", "model": "purchasedelivery"}}, {"model": "contenttypes.contenttype", "pk": 15, "fields": {"app_label": "authtoken", "model": "token"}}, {"model": "contenttypes.contenttype", "pk": 16, "fields": {"app_label": "authtoken", "model": "tokenproxy"}}, {"model": "sessions.session", "pk": "0e29t54oup1ct25qng980va1bvgmhdl9", "fields": {"session_data": ".eJxVjMsOwiAQRf-FtSEM5dFx6d5vIAxDpWogKe3K-O_apAvd3nPOfYkQt7WEreclzCzOAsTpd6OYHrnugO-x3ppMra7LTHJX5EG7vDbOz8vh_h2U2Mu3JowZFLIh5RAYk2eyaRhgxInQciJtJ3bGgQcwYIjVaDRrD1oNGK14fwDjnjc4:1txhXg:FxAIrEGonI2AQGd3eSgUMqZaDGEX05acPDinum2F3Ag", "expire_date": "2025-04-10T07:20:44.377Z"}}, {"model": "core.user", "pk": 1, "fields": {"password": "pbkdf2_sha256$870000$JDPFkj7l3cwOz41NjnTaT4$p2WQGjQKCs5bWa/NxroFsiLqIMbfzafbceLl5jbDQHU=", "last_login": "2025-03-27T07:20:44.339Z", "is_superuser": true, "username": "niraj", "first_name": "", "last_name": "", "email": "niraj@niraj.com", "is_staff": true, "is_active": true, "date_joined": "2025-03-27T07:20:27.789Z", "role": "admin", "address": "ktm", "phone": "234567890", "company_name": null, "vehicle_type": "bike", "license_no": null, "created_at": "2025-03-27T07:20:28.518Z", "groups": [], "user_permissions": []}}, {"model": "core.user", "pk": 2, "fields": {"password": "pbkdf2_sha256$870000$NuCiEjIGiWUYw5UK9CnxSs$+mPTEF1LyRq+NEHk6RJa57rOIS8ipGEqg3h+9D5F9Es=", "last_login": null, "is_superuser": false, "username": "Jenna", "first_name": "", "last_name": "", "email": "jenna@gmail.com", "is_staff": false, "is_active": true, "date_joined": "2025-03-27T07:27:42.194Z", "role": "customer", "address": "Boudhha", "phone": "9876543210", "company_name": null, "vehicle_type": "bike", "license_no": null, "created_at": "2025-03-27T07:27:42.982Z", "groups": [], "user_permissions": []}}, {"model": "core.user", "pk": 3, "fields": {"password": "pbkdf2_sha256$870000$th65xa37C4P1qR7CozbpEX$L5acMgIFqSMXMgWVek5PIcbM5LQ2Ly52iQM8Oxe+OXY=", "last_login": null, "is_superuser": false, "username": "jason", "first_name": "", "last_name": "", "email": "jason@gmail.com", "is_staff": false, "is_active": true, "date_joined": "2025-03-27T07:30:00.979Z", "role": "customer", "address": "Putalisadak", "phone": "9789960453", "company_name": null, "vehicle_type": "bike", "license_no": null, "created_at": "2025-03-27T07:30:01.760Z", "groups": [], "user_permissions": []}}, {"model": "core.user", "pk": 4, "fields": {"password": "pbkdf2_sha256$870000$6EI3S8UVkaWWmyz99a6Fjb$B9jZ3rhFIeK1VgK9EYPkwucAH7cXOxULHWimevSpn74=", "last_login": null, "is_superuser": false, "username": "jared", "first_name": "", "last_name": "", "email": "jared@gmail.com", "is_staff": false, "is_active": true, "date_joined": "2025-03-27T07:30:46.208Z", "role": "customer", "address": "Halchowk", "phone": "9879879870", "company_name": null, "vehicle_type": "bike", "license_no": null, "created_at": "2025-03-27T07:30:47.053Z", "groups": [], "user_permissions": []}}, {"model": "core.user", "pk": 5, "fields": {"password": "pbkdf2_sha256$870000$TcgTglEgIFQUcci0nonKF5$XxGrae0q9DF4O2oTM97gJsQyBW4WH2a5igBxo6xhe2o=", "last_login": null, "is_superuser": false, "username": "jessie", "first_name": "", "last_name": "", "email": "jessie@gmail.com", "is_staff": false, "is_active": true, "date_joined": "2025-03-27T07:31:41.280Z", "role": "customer", "address": "Pulchowk", "phone": "9789789786", "company_name": null, "vehicle_type": "bike", "license_no": null, "created_at": "2025-03-27T07:31:42.067Z", "groups": [], "user_permissions": []}}, {"model": "core.user", "pk": 6, "fields": {"password": "pbkdf2_sha256$870000$1OZZLUO1cNviaw12QfWn4E$V/LosjJdbiz61nOABUvIV9w1tj/UkIoiDSFsBBUrCqE=", "last_login": null, "is_superuser": false, "username": "harry", "first_name": "", "last_name": "", "email": "harry@harry.com", "is_staff": false, "is_active": true, "date_joined": "2025-03-27T07:32:51.039Z", "role": "supplier", "address": "Kalanki", "phone": "9898989890", "company_name": "Harry Enterprises", "vehicle_type": "bike", "license_no": null, "created_at": "2025-03-27T07:32:51.905Z", "groups": [], "user_permissions": []}}, {"model": "core.user", "pk": 7, "fields": {"password": "pbkdf2_sha256$870000$Nx6BMoPZbT6QLQ7NsOh7cw$/2Zg0NHN474QwHnNnN6B8txMz428ysfbkaGj9wgolD4=", "last_login": null, "is_superuser": false, "username": "mark", "first_name": "", "last_name": "", "email": "mark@gmail.com", "is_staff": false, "is_active": true, "date_joined": "2025-03-27T07:34:03.188Z", "role": "supplier", "address": "Balkhu", "phone": "9696969798", "company_name": "Mark Enterprises", "vehicle_type": "bike", "license_no": null, "created_at": "2025-03-27T07:34:03.970Z", "groups": [], "user_permissions": []}}, {"model": "core.user", "pk": 8, "fields": {"password": "pbkdf2_sha256$870000$8O5HEwn3EDT25RXfzKvYCp$QEYYx/1LMZC+BwjYUSrn3c6C1+9xILSs3MteKtRAxPI=", "last_login": null, "is_superuser": false, "username": "kevin", "first_name": "", "last_name": "", "email": "kevin@gmail.com", "is_staff": false, "is_active": true, "date_joined": "2025-03-27T07:34:41.903Z", "role": "supplier", "address": "sanepa", "phone": "9595959590", "company_name": "Kevin Enterprises", "vehicle_type": "bike", "license_no": null, "created_at": "2025-03-27T07:34:42.745Z", "groups": [], "user_permissions": []}}, {"model": "core.user", "pk": 9, "fields": {"password": "pbkdf2_sha256$870000$Peg0rjkJyMamrJaNzptaTO$+wCGBrTTHNY0XDj6iQQxNE7Wma30YUYqn4ATWzw/Zx8=", "last_login": null, "is_superuser": false, "username": "vanessa", "first_name": "", "last_name": "", "email": "vanessa@gmail.com", "is_staff": false, "is_active": true, "date_joined": "2025-03-27T07:35:45.680Z", "role": "delivery", "address": "swoyambhu", "phone": "9494949498", "company_name": null, "vehicle_type": "scooter", "license_no": "1234567890123456", "created_at": "2025-03-27T07:35:46.447Z", "groups": [], "user_permissions": []}}, {"model": "core.user", "pk": 10, "fields": {"password": "pbkdf2_sha256$870000$S07NdyFGKpwesnKOsZa0fJ$ZDD4aFt9oW/SL4sVobVjAab6DPPLe5erFdfitJVNAuk=", "last_login": null, "is_superuser": false, "username": "grace", "first_name": "", "last_name": "", "email": "grace@gmail.com", "is_staff": false, "is_active": true, "date_joined": "2025-03-27T07:36:57.303Z", "role": "delivery", "address": "budanilkantha", "phone": "9393939390", "company_name": null, "vehicle_type": "scooter", "license_no": "9087654321234567", "created_at": "2025-03-27T07:36:58.165Z", "groups": [], "user_permissions": []}}, {"model": "core.user", "pk": 11, "fields": {"password": "pbkdf2_sha256$870000$rAL9h1YLs7dtEMNztQHRSN$WUN4WqZMYOnuniOMNSitVB/uIy3PZBMzo/IZh7ybccU=", "last_login": null, "is_superuser": false, "username": "george", "first_name": "", "last_name": "", "email": "george@gmail.com", "is_staff": false, "is_active": true, "date_joined": "2025-03-27T07:37:51.172Z", "role": "delivery", "address": "machapokhari", "phone": "9292929239", "company_name": null, "vehicle_type": "bike", "license_no": "2345678909876543", "created_at": "2025-03-27T07:37:51.934Z", "groups": [], "user_permissions": []}}, {"model": "Easy_buy.category", "pk": 1, "fields": {"name": "clothes"}}, {"model": "Easy_buy.category", "pk": 2, "fields": {"name": "foods"}}, {"model": "Easy_buy.category", "pk": 3, "fields": {"name": "electronics"}}, {"model": "Easy_buy.category", "pk": 4, "fields": {"name": "hardware"}}, {"model": "Easy_buy.product", "pk": 1, "fields": {"name": "Navy Blue Shirt", "description": "Shirt Fit for all in affordable price", "quantity": 26, "category": 1, "created_at": "2025-03-27T07:56:02.065Z", "price": 800.0}}, {"model": "Easy_buy.product", "pk": 2, "fields": {"name": "Denim Jeans", "description": "Denim Jeans Comfortable and easy to wear", "quantity": 35, "category": 1, "created_at": "2025-03-27T07:56:39.819Z", "price": 1200.0}}, {"model": "Easy_buy.product", "pk": 3, "fields": {"name": "Chips", "description": "Oil Free Chips", "quantity": 100, "category": 2, "created_at": "2025-03-27T07:57:17.043Z", "price": 100.0}}, {"model": "Easy_buy.product", "pk": 4, "fields": {"name": "Cookies", "description": "Cookies made with love", "quantity": 50, "category": 2, "created_at": "2025-03-27T07:58:11.535Z", "price": 80.0}}, {"model": "Easy_buy.product", "pk": 5, "fields": {"name": "Flash Light", "description": "Illuminate your way in dark alley", "quantity": 40, "category": 3, "created_at": "2025-03-27T07:59:09.327Z", "price": 500.0}}, {"model": "Easy_buy.product", "pk": 6, "fields": {"name": "Speakers", "description": "speakers with nice bass", "quantity": 35, "category": 3, "created_at": "2025-03-27T08:00:38.714Z", "price": 800.0}}, {"model": "Easy_buy.product", "pk": 7, "fields": {"name": "Door Handles", "description": "Best Door handles in the world", "quantity": 60, "category": 4, "created_at": "2025-03-27T08:01:20.319Z", "price": 700.0}}, {"model": "Easy_buy.product", "pk": 8, "fields": {"name": "door knobs", "description": "Best door knobs in the world", "quantity": 78, "category": 4, "created_at": "2025-03-27T08:02:34.086Z", "price": 100.0}}, {"model": "Easy_buy.order", "pk": 1, "fields": {"customer": 5, "status": "completed"}}, {"model": "Easy_buy.orderitem", "pk": 1, "fields": {"order": 1, "product": 1, "quantity": 1}}, {"model": "Easy_buy.orderitem", "pk": 2, "fields": {"order": 1, "product": 2, "quantity": 1}}, {"model": "Easy_buy.orderitem", "pk": 3, "fields": {"order": 1, "product": 3, "quantity": 1}}, {"model": "Easy_buy.orderdelivery", "pk": 1, "fields": {"order": 1, "delivery": 9, "status": "delivered"}}, {"model": "Easy_buy.purchase", "pk": 1, "fields": {"supplier": 6, "status": "completed"}}, {"model": "Easy_buy.purchase", "pk": 2, "fields": {"supplier": 6, "status": "completed"}}, {"model": "Easy_buy.purchase_item", "pk": 1, "fields": {"purchase": 1, "product": 1, "quantity": 1}}, {"model": "Easy_buy.purchase_item", "pk": 2, "fields": {"purchase": 2, "product": 2, "quantity": 1}}, {"model": "Easy_buy.purchase_item", "pk": 3, "fields": {"purchase": 2, "product": 3, "quantity": 1}}, {"model": "Easy_buy.purchasedelivery", "pk": 1, "fields": {"purchase": 1, "delivery": 10, "status": "delivered"}}, {"model": "Easy_buy.purchasedelivery", "pk": 2, "fields": {"purchase": 2, "delivery": 11, "status": "delivered"}}, {"model": "Easy_buy.purchasedelivery", "pk": 3, "fields": {"purchase": 1, "delivery": 9, "status": "delivered"}}, {"model": "Easy_buy.purchasedelivery", "pk": 4, "fields": {"purchase": 2, "delivery": 10, "status": "assigned"}}, {"model": "authtoken.token", "pk": "0a54d7a90dfd47df55c9893479c245af83f4ad19", "fields": {"user": 3, "created": "2025-03-27T07:38:32.248Z"}}, {"model": "authtoken.token", "pk": "153e88f2f07b11e22546469c5dea5c3ddbd12a2f", "fields": {"user": 2, "created": "2025-03-27T07:28:19.022Z"}}, {"model": "authtoken.token", "pk": "229ed309f2f7b8f31dd8e5cb2784e0d84ae0ca08", "fields": {"user": 11, "created": "2025-03-27T07:38:13.507Z"}}, {"model": "authtoken.token", "pk": "2391fcebdcd0fe6ff096e26019105951b564d038", "fields": {"user": 8, "created": "2025-03-27T07:38:40.067Z"}}, {"model": "authtoken.token", "pk": "2e90df58458f08c030736914c6ff541096c3a3db", "fields": {"user": 10, "created": "2025-03-27T07:38:19.396Z"}}, {"model": "authtoken.token", "pk": "4badeb5d7253a86291c06940215b9eadacfb03d6", "fields": {"user": 7, "created": "2025-03-27T07:38:43.851Z"}}, {"model": "authtoken.token", "pk": "6ec15187bce2e203d673452be220651dc009adf0", "fields": {"user": 1, "created": "2025-03-27T07:38:47.614Z"}}, {"model": "authtoken.token", "pk": "77e0c1793f3bca42b0ccbc0cf11be70a56d30932", "fields": {"user": 5, "created": "2025-03-27T07:38:36.166Z"}}, {"model": "authtoken.token", "pk": "78cd24fdf45132b13a78c2165278d9ba69e04071", "fields": {"user": 4, "created": "2025-03-27T07:38:28.060Z"}}, {"model": "authtoken.token", "pk": "7ede95f4a1b6c097cd757dfab7af9faa69eb9c93", "fields": {"user": 9, "created": "2025-03-27T07:38:51.146Z"}}, {"model": "authtoken.token", "pk": "9a4829588780bf62c8c020a01ef3cde4120c9bec", "fields": {"user": 6, "created": "2025-03-27T07:38:23.766Z"}}]